id,mdl,category,sta,sta_s,ata,ata_s,cost_300,cost_900,cost_1800,cost_3600
0,A332,Heavy,07:00:00,25200,07:06:08,25568,1.57,2.28,3.79,8.13
1,B744,Heavy,07:00:00,25200,07:18:22,26302,2.37,3.42,5.58,11.79
2,A343,Heavy,07:01:00,25260,07:01:00,25260,1.63,2.39,3.94,8.42
3,A343,Heavy,07:04:00,25440,07:04:00,25440,1.63,2.39,3.94,8.42
4,B744,Heavy,07:08:00,25680,07:08:00,25680,2.37,3.42,5.58,11.79
5,B738,Medium,07:10:00,25800,07:02:41,25361,0.83,1.28,2.1,4.38
6,A343,Heavy,07:11:00,25860,07:11:00,25860,1.63,2.39,3.94,8.42
7,B744,Heavy,07:13:00,25980,07:13:00,25980,2.37,3.42,5.58,11.79
8,XXXX,Light,07:15:00,26100,07:15:00,26100,0.12,0.19,0.33,0.75
9,A333,Heavy,07:15:00,26100,06:47:12,24432,1.57,2.31,3.79,8.04
10,A320,Medium,07:15:00,26100,06:58:20,25100,0.83,1.25,2.02,4.19
11,B77W,Heavy,07:15:00,26100,07:24:08,26648,2.97,4.37,7.09,14.74
12,A333,Heavy,07:19:00,26340,07:19:00,26340,1.57,2.31,3.79,8.04
13,B77W,Heavy,07:19:00,26340,07:19:00,26340,2.97,4.37,7.09,14.74
14,B772,Heavy,07:20:00,26400,07:20:00,26400,1.83,2.68,4.41,9.35
15,A320,Medium,07:20:00,26400,07:10:55,25855,0.83,1.25,2.02,4.19
16,A320,Medium,07:20:00,26400,07:06:16,25576,0.83,1.25,2.02,4.19
17,XXXX,Light,07:21:00,26460,07:21:00,26460,0.12,0.19,0.33,0.75
18,XXXX,Light,07:22:00,26520,07:22:00,26520,0.12,0.19,0.33,0.75
19,XXXX,Light,07:23:00,26580,07:23:00,26580,0.12,0.19,0.33,0.75
20,A318,Medium,07:25:00,26700,07:17:16,26236,0.74,1.09,1.78,3.73
21,B738,Medium,07:25:00,26700,07:13:24,26004,0.83,1.28,2.1,4.38
22,A321,Medium,07:30:00,27000,07:21:20,26480,0.93,1.42,2.37,4.97
23,B744,Heavy,07:30:00,27000,07:30:00,27000,2.37,3.42,5.58,11.79
24,A320,Medium,07:35:00,27300,07:26:31,26791,0.83,1.25,2.02,4.19
25,A320,Medium,07:35:00,27300,07:24:07,26647,0.83,1.25,2.02,4.19
26,A319,Medium,07:35:00,27300,07:24:29,26669,0.73,1.12,1.8,3.68
27,XXXX,Light,07:38:00,27480,07:38:00,27480,0.12,0.19,0.33,0.75
28,A321,Medium,07:40:00,27600,07:34:24,27264,0.93,1.42,2.37,4.97
29,XXXX,Light,07:40:00,27600,07:40:00,27600,0.12,0.19,0.33,0.75
30,B744,Heavy,07:42:00,27720,07:42:00,27720,2.37,3.42,5.58,11.79
31,B77W,Heavy,07:44:00,27840,07:44:00,27840,2.97,4.37,7.09,14.74
32,B744,Heavy,07:45:00,27900,07:49:59,28199,2.37,3.42,5.58,11.79
33,B77W,Heavy,07:46:00,27960,07:46:00,27960,2.97,4.37,7.09,14.74
34,A319,Medium,07:50:00,28200,07:42:15,27735,0.73,1.12,1.8,3.68
35,A320,Medium,07:50:00,28200,07:34:56,27296,0.83,1.25,2.02,4.19
36,XXXX,Light,07:54:00,28440,07:54:00,28440,0.12,0.19,0.33,0.75
37,CRJ7,Medium,07:55:00,28500,07:44:58,27898,0.41,0.61,1.0,2.11
38,XXXX,Light,07:57:00,28620,07:57:00,28620,0.12,0.19,0.33,0.75
39,XXXX,Light,07:59:00,28740,07:59:00,28740,0.12,0.19,0.33,0.75
40,E145,Medium,08:00:00,28800,07:48:52,28132,0.3,0.45,0.73,1.55
41,A319,Medium,08:00:00,28800,07:48:27,28107,0.73,1.12,1.8,3.68
42,B77W,Heavy,08:01:00,28860,08:01:00,28860,2.97,4.37,7.09,14.74
43,B772,Heavy,08:02:00,28920,08:02:00,28920,1.83,2.68,4.41,9.35
44,B772,Heavy,08:02:00,28920,08:02:00,28920,1.83,2.68,4.41,9.35
45,XXXX,Light,08:04:00,29040,08:04:00,29040,0.12,0.19,0.33,0.75
46,A320,Medium,08:05:00,29100,08:04:54,29094,0.83,1.25,2.02,4.19
47,B772,Heavy,08:07:00,29220,08:07:00,29220,1.83,2.68,4.41,9.35
48,A333,Heavy,08:10:00,29400,08:01:27,28887,1.57,2.31,3.79,8.04
49,XXXX,Light,08:10:00,29400,08:10:00,29400,0.12,0.19,0.33,0.75
50,B737,Medium,08:10:00,29400,08:11:32,29492,0.89,1.31,2.13,4.44
51,A319,Medium,08:10:00,29400,07:52:11,28331,0.73,1.12,1.8,3.68
52,CRJX,Medium,08:10:00,29400,07:58:29,28709,0.35,0.51,0.85,1.84
53,XXXX,Light,08:14:00,29640,08:14:00,29640,0.12,0.19,0.33,0.75
54,AT45,Medium,08:15:00,29700,08:44:30,31470,0.26,0.38,0.61,1.27
55,B77W,Heavy,08:15:00,29700,08:19:18,29958,2.97,4.37,7.09,14.74
56,B744,Heavy,08:15:00,29700,08:15:00,29700,2.37,3.42,5.58,11.79
57,A343,Heavy,08:19:00,29940,08:19:00,29940,1.63,2.39,3.94,8.42
58,CRJX,Medium,08:20:00,30000,07:57:24,28644,0.35,0.51,0.85,1.84
59,B738,Medium,08:20:00,30000,08:02:48,28968,0.83,1.28,2.1,4.38
60,B772,Heavy,08:20:00,30000,08:20:00,30000,1.83,2.68,4.41,9.35
61,XXXX,Light,08:21:00,30060,08:21:00,30060,0.12,0.19,0.33,0.75
62,B77W,Heavy,08:24:00,30240,08:24:00,30240,2.97,4.37,7.09,14.74
63,RJ85,Medium,08:25:00,30300,08:15:47,29747,0.64,0.94,1.54,3.24
64,A320,Medium,08:25:00,30300,08:14:37,29677,0.83,1.25,2.02,4.19
65,B744,Heavy,08:26:00,30360,08:26:00,30360,2.37,3.42,5.58,11.79
66,B772,Heavy,08:27:00,30420,08:27:00,30420,1.83,2.68,4.41,9.35
67,XXXX,Light,08:27:00,30420,08:27:00,30420,0.12,0.19,0.33,0.75
68,CRJX,Medium,08:30:00,30600,08:10:15,29415,0.35,0.51,0.85,1.84
69,A333,Heavy,08:30:00,30600,08:30:00,30600,1.57,2.31,3.79,8.04
70,AT45,Medium,08:30:00,30600,08:13:23,29603,0.26,0.38,0.61,1.27
71,XXXX,Light,08:31:00,30660,08:31:00,30660,0.12,0.19,0.33,0.75
72,XXXX,Light,08:33:00,30780,08:33:00,30780,0.12,0.19,0.33,0.75
73,A343,Heavy,08:34:00,30840,08:34:00,30840,1.63,2.39,3.94,8.42
74,XXXX,Light,08:35:00,30900,08:35:00,30900,0.12,0.19,0.33,0.75
75,A333,Heavy,08:35:00,30900,08:35:00,30900,1.57,2.31,3.79,8.04
76,B77W,Heavy,08:35:00,30900,08:33:24,30804,2.97,4.37,7.09,14.74
77,A333,Heavy,08:35:00,30900,09:06:15,32775,1.57,2.31,3.79,8.04
78,A320,Medium,08:35:00,30900,08:21:17,30077,0.83,1.25,2.02,4.19
79,XXXX,Light,08:38:00,31080,08:38:00,31080,0.12,0.19,0.33,0.75
80,XXXX,Light,08:41:00,31260,08:41:00,31260,0.12,0.19,0.33,0.75
81,XXXX,Light,08:44:00,31440,08:44:00,31440,0.12,0.19,0.33,0.75
82,A318,Medium,08:45:00,31500,08:54:27,32067,0.74,1.09,1.78,3.73
83,A319,Medium,08:45:00,31500,08:23:17,30197,0.73,1.12,1.8,3.68
84,B744,Heavy,08:46:00,31560,08:46:00,31560,2.37,3.42,5.58,11.79
85,XXXX,Light,08:48:00,31680,08:48:00,31680,0.12,0.19,0.33,0.75
86,A320,Medium,08:50:00,31800,08:24:46,30286,0.83,1.25,2.02,4.19
87,A333,Heavy,08:50:00,31800,08:39:41,31181,1.57,2.31,3.79,8.04
88,B738,Medium,08:50:00,31800,08:26:26,30386,0.83,1.28,2.1,4.38
89,A333,Heavy,08:53:00,31980,08:53:00,31980,1.57,2.31,3.79,8.04
90,B77W,Heavy,08:53:00,31980,08:53:00,31980,2.97,4.37,7.09,14.74
91,B744,Heavy,08:56:00,32160,08:56:00,32160,2.37,3.42,5.58,11.79
92,A343,Heavy,08:57:00,32220,08:57:00,32220,1.63,2.39,3.94,8.42
93,B772,Heavy,09:00:00,32400,08:58:14,32294,1.83,2.68,4.41,9.35
94,B744,Heavy,09:00:00,32400,09:11:24,33084,2.37,3.42,5.58,11.79
95,B77W,Heavy,09:05:00,32700,09:05:00,32700,2.97,4.37,7.09,14.74
96,A320,Medium,09:05:00,32700,09:26:16,33976,0.83,1.25,2.02,4.19
97,B77W,Heavy,09:08:00,32880,09:08:00,32880,2.97,4.37,7.09,14.74
98,XXXX,Light,09:09:00,32940,09:09:00,32940,0.12,0.19,0.33,0.75
99,B738,Medium,09:10:00,33000,08:47:02,31622,0.83,1.28,2.1,4.38
100,XXXX,Light,09:12:00,33120,09:12:00,33120,0.12,0.19,0.33,0.75
101,B772,Heavy,09:16:00,33360,09:16:00,33360,1.83,2.68,4.41,9.35
102,B744,Heavy,09:19:00,33540,09:19:00,33540,2.37,3.42,5.58,11.79
103,B738,Medium,09:20:00,33600,09:11:24,33084,0.83,1.28,2.1,4.38
104,A319,Medium,09:20:00,33600,09:02:27,32547,0.73,1.12,1.8,3.68
105,A319,Medium,09:25:00,33900,09:08:17,32897,0.73,1.12,1.8,3.68
106,A321,Medium,09:25:00,33900,09:11:43,33103,0.93,1.42,2.37,4.97
107,A333,Heavy,09:27:00,34020,09:27:00,34020,1.57,2.31,3.79,8.04
108,A333,Heavy,09:27:00,34020,09:27:00,34020,1.57,2.31,3.79,8.04
109,A333,Heavy,09:29:00,34140,09:29:00,34140,1.57,2.31,3.79,8.04
110,XXXX,Light,09:29:00,34140,09:29:00,34140,0.12,0.19,0.33,0.75
111,A343,Heavy,09:29:00,34140,09:29:00,34140,1.63,2.39,3.94,8.42
112,B738,Medium,09:30:00,34200,09:19:06,33546,0.83,1.28,2.1,4.38
113,B77W,Heavy,09:30:00,34200,09:16:11,33371,2.97,4.37,7.09,14.74
114,XXXX,Light,09:30:00,34200,09:30:00,34200,0.12,0.19,0.33,0.75
115,A332,Heavy,09:31:00,34260,09:22:28,33748,1.57,2.28,3.79,8.13
116,XXXX,Light,09:32:00,34320,09:32:00,34320,0.12,0.19,0.33,0.75
117,B744,Heavy,09:34:00,34440,09:34:00,34440,2.37,3.42,5.58,11.79
118,XXXX,Light,09:35:00,34500,09:35:00,34500,0.12,0.19,0.33,0.75
119,A318,Medium,09:35:00,34500,09:38:57,34737,0.74,1.09,1.78,3.73
120,B738,Medium,09:35:00,34500,09:27:27,34047,0.83,1.28,2.1,4.38
121,A320,Medium,09:35:00,34500,09:37:56,34676,0.83,1.25,2.02,4.19
122,A319,Medium,09:35:00,34500,09:31:10,34270,0.73,1.12,1.8,3.68
123,A333,Heavy,09:40:00,34800,09:40:00,34800,1.57,2.31,3.79,8.04
124,A319,Medium,09:40:00,34800,09:29:27,34167,0.73,1.12,1.8,3.68
125,A320,Medium,09:40:00,34800,09:46:53,35213,0.83,1.25,2.02,4.19
126,B744,Heavy,09:45:00,35100,09:45:00,35100,2.37,3.42,5.58,11.79
127,B744,Heavy,09:46:00,35160,09:46:00,35160,2.37,3.42,5.58,11.79
128,XXXX,Light,09:47:00,35220,09:47:00,35220,0.12,0.19,0.33,0.75
129,A319,Medium,09:50:00,35400,09:32:34,34354,0.73,1.12,1.8,3.68
130,A320,Medium,09:50:00,35400,09:51:38,35498,0.83,1.25,2.02,4.19
131,XXXX,Light,09:54:00,35640,09:54:00,35640,0.12,0.19,0.33,0.75
132,CRJX,Medium,09:55:00,35700,09:54:14,35654,0.35,0.51,0.85,1.84
133,CRJ7,Medium,09:55:00,35700,09:33:58,34438,0.41,0.61,1.0,2.11
134,A321,Medium,09:55:00,35700,09:42:09,34929,0.93,1.42,2.37,4.97
135,B77W,Heavy,09:57:00,35820,09:57:00,35820,2.97,4.37,7.09,14.74
136,E145,Medium,10:00:00,36000,10:06:49,36409,0.3,0.45,0.73,1.55
137,A320,Medium,10:00:00,36000,09:49:21,35361,0.83,1.25,2.02,4.19
138,E145,Medium,10:00:00,36000,09:59:56,35996,0.3,0.45,0.73,1.55
139,B772,Heavy,10:01:00,36060,10:01:00,36060,1.83,2.68,4.41,9.35
140,A343,Heavy,10:01:00,36060,10:01:00,36060,1.63,2.39,3.94,8.42
141,XXXX,Light,10:01:00,36060,10:01:00,36060,0.12,0.19,0.33,0.75
142,XXXX,Light,10:05:00,36300,10:05:00,36300,0.12,0.19,0.33,0.75
143,A333,Heavy,10:10:00,36600,10:10:38,36638,1.57,2.31,3.79,8.04
144,A333,Heavy,10:10:00,36600,10:10:00,36600,1.57,2.31,3.79,8.04
145,A318,Medium,10:10:00,36600,09:59:27,35967,0.74,1.09,1.78,3.73
146,A319,Medium,10:10:00,36600,10:03:14,36194,0.73,1.12,1.8,3.68
147,A343,Heavy,10:11:00,36660,10:11:00,36660,1.63,2.39,3.94,8.42
148,XXXX,Light,10:12:00,36720,10:12:00,36720,0.12,0.19,0.33,0.75
149,A343,Heavy,10:14:00,36840,10:14:00,36840,1.63,2.39,3.94,8.42
150,CRJX,Medium,10:15:00,36900,10:20:53,37253,0.35,0.51,0.85,1.84
151,XXXX,Light,10:15:00,36900,10:15:00,36900,0.12,0.19,0.33,0.75
152,B738,Medium,10:15:00,36900,10:04:45,36285,0.83,1.28,2.1,4.38
153,CRJX,Medium,10:20:00,37200,10:22:51,37371,0.35,0.51,0.85,1.84
154,A332,Heavy,10:20:00,37200,10:37:58,38278,1.57,2.28,3.79,8.13
155,E145,Medium,10:20:00,37200,10:26:00,37560,0.3,0.45,0.73,1.55
156,A320,Medium,10:25:00,37500,10:43:40,38620,0.83,1.25,2.02,4.19
157,B77W,Heavy,10:26:00,37560,10:26:00,37560,2.97,4.37,7.09,14.74
158,XXXX,Light,10:27:00,37620,10:27:00,37620,0.12,0.19,0.33,0.75
159,XXXX,Light,10:27:00,37620,10:27:00,37620,0.12,0.19,0.33,0.75
160,A321,Medium,10:30:00,37800,10:16:12,36972,0.93,1.42,2.37,4.97
161,B738,Medium,10:30:00,37800,10:08:13,36493,0.83,1.28,2.1,4.38
162,A320,Medium,10:30:00,37800,10:23:06,37386,0.83,1.25,2.02,4.19
163,B744,Heavy,10:32:00,37920,10:32:00,37920,2.37,3.42,5.58,11.79
164,A343,Heavy,10:32:00,37920,10:32:00,37920,1.63,2.39,3.94,8.42
165,B77W,Heavy,10:35:00,38100,10:18:32,37112,2.97,4.37,7.09,14.74
166,B772,Heavy,10:38:00,38280,10:38:00,38280,1.83,2.68,4.41,9.35
167,A321,Medium,10:40:00,38400,11:08:42,40122,0.93,1.42,2.37,4.97
168,B77W,Heavy,10:41:00,38460,10:41:00,38460,2.97,4.37,7.09,14.74
169,XXXX,Light,10:42:00,38520,10:42:00,38520,0.12,0.19,0.33,0.75
170,CRJX,Medium,10:45:00,38700,10:30:17,37817,0.35,0.51,0.85,1.84
171,E145,Medium,10:45:00,38700,10:31:47,37907,0.3,0.45,0.73,1.55
172,B738,Medium,10:45:00,38700,10:33:05,37985,0.83,1.28,2.1,4.38
173,XXXX,Light,10:46:00,38760,10:46:00,38760,0.12,0.19,0.33,0.75
174,B772,Heavy,10:47:00,38820,10:47:00,38820,1.83,2.68,4.41,9.35
175,B77W,Heavy,10:47:00,38820,10:47:00,38820,2.97,4.37,7.09,14.74
176,A321,Medium,10:50:00,39000,10:53:54,39234,0.93,1.42,2.37,4.97
177,A320,Medium,10:50:00,39000,10:41:48,38508,0.83,1.25,2.02,4.19
178,B77W,Heavy,10:52:00,39120,10:52:00,39120,2.97,4.37,7.09,14.74
179,B738,Medium,10:55:00,39300,10:43:09,38589,0.83,1.28,2.1,4.38
180,B734,Medium,10:55:00,39300,11:34:23,41663,0.83,1.22,1.94,3.99
181,B772,Heavy,10:58:00,39480,10:58:00,39480,1.83,2.68,4.41,9.35
182,B738,Medium,11:00:00,39600,11:10:54,40254,0.83,1.28,2.1,4.38
183,E170,Medium,11:00:00,39600,10:48:02,38882,0.46,0.67,1.1,2.31
184,CRJX,Medium,11:00:00,39600,11:16:07,40567,0.35,0.51,0.85,1.84
0,E170,Medium,11:00:00,39600,10:48:02,38882,0.46,0.67,1.1,2.31
1,CRJX,Medium,11:00:00,39600,11:16:07,40567,0.35,0.51,0.85,1.84
2,B738,Medium,11:00:00,39600,11:10:54,40254,0.83,1.28,2.1,4.38
3,A343,Heavy,11:04:00,39840,11:04:00,39840,1.63,2.39,3.94,8.42
4,B77W,Heavy,11:05:00,39900,11:05:00,39900,2.97,4.37,7.09,14.74
5,B733,Medium,11:05:00,39900,10:58:17,39497,0.7,1.07,1.72,3.51
6,B738,Medium,11:05:00,39900,10:50:40,39040,0.83,1.28,2.1,4.38
7,B772,Heavy,11:09:00,40140,11:09:00,40140,1.83,2.68,4.41,9.35
8,B738,Medium,11:10:00,40200,10:52:55,39175,0.83,1.28,2.1,4.38
9,B744,Heavy,11:11:00,40260,11:11:00,40260,2.37,3.42,5.58,11.79
10,A320,Medium,11:15:00,40500,11:45:48,42348,0.83,1.25,2.02,4.19
11,XXXX,Light,11:19:00,40740,11:19:00,40740,0.12,0.19,0.33,0.75
12,CRJX,Medium,11:23:00,40980,10:59:20,39560,0.35,0.51,0.85,1.84
13,A343,Heavy,11:25:00,41100,11:25:00,41100,1.63,2.39,3.94,8.42
14,B738,Medium,11:25:00,41100,11:03:54,39834,0.83,1.28,2.1,4.38
15,A318,Medium,11:25:00,41100,11:19:08,40748,0.74,1.09,1.78,3.73
16,A320,Medium,11:25:00,41100,11:07:08,40028,0.83,1.25,2.02,4.19
17,XXXX,Light,11:28:00,41280,11:28:00,41280,0.12,0.19,0.33,0.75
18,A332,Heavy,11:29:00,41340,11:24:08,41048,1.57,2.28,3.79,8.13
19,B738,Medium,11:30:00,41400,10:50:08,39008,0.83,1.28,2.1,4.38
20,A320,Medium,11:30:00,41400,11:47:01,42421,0.83,1.25,2.02,4.19
21,XXXX,Light,11:31:00,41460,11:31:00,41460,0.12,0.19,0.33,0.75
22,XXXX,Light,11:31:00,41460,11:31:00,41460,0.12,0.19,0.33,0.75
23,XXXX,Light,11:34:00,41640,11:34:00,41640,0.12,0.19,0.33,0.75
24,CRJX,Medium,11:35:00,41700,11:25:43,41143,0.35,0.51,0.85,1.84
25,XXXX,Light,11:38:00,41880,11:38:00,41880,0.12,0.19,0.33,0.75
26,B738,Medium,11:40:00,42000,12:02:36,43356,0.83,1.28,2.1,4.38
27,XXXX,Light,11:40:00,42000,11:40:00,42000,0.12,0.19,0.33,0.75
28,B744,Heavy,11:42:00,42120,11:42:00,42120,2.37,3.42,5.58,11.79
29,A320,Medium,11:45:00,42300,11:42:56,42176,0.83,1.25,2.02,4.19
30,B738,Medium,11:45:00,42300,11:38:03,41883,0.83,1.28,2.1,4.38
31,XXXX,Light,11:47:00,42420,11:47:00,42420,0.12,0.19,0.33,0.75
32,B772,Heavy,11:47:00,42420,11:47:00,42420,1.83,2.68,4.41,9.35
33,A333,Heavy,11:48:00,42480,11:48:00,42480,1.57,2.31,3.79,8.04
34,B772,Heavy,11:49:00,42540,11:49:00,42540,1.83,2.68,4.41,9.35
35,XXXX,Light,11:49:00,42540,11:49:00,42540,0.12,0.19,0.33,0.75
36,XXXX,Light,11:50:00,42600,11:50:00,42600,0.12,0.19,0.33,0.75
37,B772,Heavy,11:50:00,42600,11:50:00,42600,1.83,2.68,4.41,9.35
38,A320,Medium,11:50:00,42600,12:04:05,43445,0.83,1.25,2.02,4.19
39,XXXX,Light,11:51:00,42660,11:51:00,42660,0.12,0.19,0.33,0.75
40,B77W,Heavy,11:51:00,42660,11:51:00,42660,2.97,4.37,7.09,14.74
41,A343,Heavy,11:53:00,42780,11:53:00,42780,1.63,2.39,3.94,8.42
42,B77W,Heavy,11:53:00,42780,11:53:00,42780,2.97,4.37,7.09,14.74
43,A333,Heavy,11:54:00,42840,11:54:00,42840,1.57,2.31,3.79,8.04
44,B738,Medium,11:55:00,42900,11:47:38,42458,0.83,1.28,2.1,4.38
45,A320,Medium,11:55:00,42900,11:36:32,41792,0.83,1.25,2.02,4.19
46,A343,Heavy,11:55:00,42900,11:55:00,42900,1.63,2.39,3.94,8.42
47,CRJX,Medium,11:55:00,42900,12:09:55,43795,0.35,0.51,0.85,1.84
48,B744,Heavy,11:57:00,43020,11:57:00,43020,2.37,3.42,5.58,11.79
49,XXXX,Light,11:58:00,43080,11:58:00,43080,0.12,0.19,0.33,0.75
50,B77W,Heavy,11:59:00,43140,11:59:00,43140,2.97,4.37,7.09,14.74
51,A343,Heavy,12:00:00,43200,12:00:00,43200,1.63,2.39,3.94,8.42
52,A343,Heavy,12:00:00,43200,12:00:00,43200,1.63,2.39,3.94,8.42
53,A320,Medium,12:00:00,43200,11:32:53,41573,0.83,1.25,2.02,4.19
54,E145,Medium,12:00:00,43200,11:59:08,43148,0.3,0.45,0.73,1.55
55,A319,Medium,12:00:00,43200,11:51:25,42685,0.73,1.12,1.8,3.68
56,XXXX,Light,12:00:00,43200,12:00:00,43200,0.12,0.19,0.33,0.75
57,XXXX,Light,12:02:00,43320,12:02:00,43320,0.12,0.19,0.33,0.75
58,A321,Medium,12:05:00,43500,11:56:01,42961,0.93,1.42,2.37,4.97
59,B772,Heavy,12:05:00,43500,12:05:00,43500,1.83,2.68,4.41,9.35
60,A319,Medium,12:10:00,43800,12:09:48,43788,0.73,1.12,1.8,3.68
61,B738,Medium,12:10:00,43800,12:07:20,43640,0.83,1.28,2.1,4.38
62,A320,Medium,12:15:00,44100,12:02:16,43336,0.83,1.25,2.02,4.19
63,B738,Medium,12:15:00,44100,11:59:52,43192,0.83,1.28,2.1,4.38
64,A333,Heavy,12:15:00,44100,12:15:00,44100,1.57,2.31,3.79,8.04
65,A343,Heavy,12:16:00,44160,12:16:00,44160,1.63,2.39,3.94,8.42
66,B772,Heavy,12:16:00,44160,12:16:00,44160,1.83,2.68,4.41,9.35
67,B744,Heavy,12:17:00,44220,12:17:00,44220,2.37,3.42,5.58,11.79
68,A320,Medium,12:20:00,44400,12:22:15,44535,0.83,1.25,2.02,4.19
69,CRJX,Medium,12:20:00,44400,12:51:20,46280,0.35,0.51,0.85,1.84
70,B738,Medium,12:20:00,44400,11:54:19,42859,0.83,1.28,2.1,4.38
71,XXXX,Light,12:20:00,44400,12:20:00,44400,0.12,0.19,0.33,0.75
72,A343,Heavy,12:21:00,44460,12:21:00,44460,1.63,2.39,3.94,8.42
73,A320,Medium,12:25:00,44700,12:20:34,44434,0.83,1.25,2.02,4.19
74,XXXX,Light,12:25:00,44700,12:25:00,44700,0.12,0.19,0.33,0.75
75,XXXX,Light,12:26:00,44760,12:26:00,44760,0.12,0.19,0.33,0.75
76,B744,Heavy,12:27:00,44820,12:27:00,44820,2.37,3.42,5.58,11.79
77,A333,Heavy,12:27:00,44820,12:27:00,44820,1.57,2.31,3.79,8.04
78,B738,Medium,12:30:00,45000,12:21:17,44477,0.83,1.28,2.1,4.38
79,AT45,Medium,12:30:00,45000,12:16:09,44169,0.26,0.38,0.61,1.27
80,A343,Heavy,12:33:00,45180,12:33:00,45180,1.63,2.39,3.94,8.42
81,B738,Medium,12:35:00,45300,12:38:59,45539,0.83,1.28,2.1,4.38
82,A321,Medium,12:35:00,45300,12:14:25,44065,0.93,1.42,2.37,4.97
83,A319,Medium,12:40:00,45600,12:29:04,44944,0.73,1.12,1.8,3.68
84,B744,Heavy,12:40:00,45600,12:40:00,45600,2.37,3.42,5.58,11.79
85,AT45,Medium,12:40:00,45600,13:16:23,47783,0.26,0.38,0.61,1.27
86,XXXX,Light,12:40:00,45600,12:40:00,45600,0.12,0.19,0.33,0.75
87,XXXX,Light,12:40:00,45600,12:40:00,45600,0.12,0.19,0.33,0.75
88,A320,Medium,12:40:00,45600,12:48:16,46096,0.83,1.25,2.02,4.19
89,XXXX,Light,12:40:00,45600,12:40:00,45600,0.12,0.19,0.33,0.75
90,B744,Heavy,12:44:00,45840,12:44:00,45840,2.37,3.42,5.58,11.79
91,A320,Medium,12:45:00,45900,12:27:36,44856,0.83,1.25,2.02,4.19
92,B744,Heavy,12:47:00,46020,12:47:00,46020,2.37,3.42,5.58,11.79
93,B772,Heavy,12:49:00,46140,12:49:00,46140,1.83,2.68,4.41,9.35
94,B738,Medium,12:50:00,46200,12:54:54,46494,0.83,1.28,2.1,4.38
95,RJ85,Medium,12:50:00,46200,13:28:11,48491,0.64,0.94,1.54,3.24
96,A333,Heavy,12:52:00,46320,12:52:00,46320,1.57,2.31,3.79,8.04
97,XXXX,Light,12:54:00,46440,12:54:00,46440,0.12,0.19,0.33,0.75
98,A320,Medium,12:55:00,46500,12:47:59,46079,0.83,1.25,2.02,4.19
99,A319,Medium,12:55:00,46500,12:41:05,45665,0.73,1.12,1.8,3.68
100,B744,Heavy,12:59:00,46740,12:59:00,46740,2.37,3.42,5.58,11.79
101,XXXX,Light,12:59:00,46740,12:59:00,46740,0.12,0.19,0.33,0.75
102,B738,Medium,13:00:00,46800,13:29:20,48560,0.83,1.28,2.1,4.38
103,XXXX,Light,13:03:00,46980,13:03:00,46980,0.12,0.19,0.33,0.75
104,A343,Heavy,13:05:00,47100,13:05:00,47100,1.63,2.39,3.94,8.42
105,B738,Medium,13:05:00,47100,12:43:17,45797,0.83,1.28,2.1,4.38
106,A343,Heavy,13:06:00,47160,13:06:00,47160,1.63,2.39,3.94,8.42
107,XXXX,Light,13:06:00,47160,13:06:00,47160,0.12,0.19,0.33,0.75
108,XXXX,Light,13:07:00,47220,13:07:00,47220,0.12,0.19,0.33,0.75
109,A320,Medium,13:10:00,47400,13:26:18,48378,0.83,1.25,2.02,4.19
110,A321,Medium,13:10:00,47400,13:01:14,46874,0.93,1.42,2.37,4.97
111,B772,Heavy,13:10:00,47400,13:10:00,47400,1.83,2.68,4.41,9.35
112,B738,Medium,13:10:00,47400,12:39:07,45547,0.83,1.28,2.1,4.38
113,XXXX,Light,13:13:00,47580,13:13:00,47580,0.12,0.19,0.33,0.75
114,B772,Heavy,13:15:00,47700,13:15:00,47700,1.83,2.68,4.41,9.35
115,A320,Medium,13:15:00,47700,13:58:04,50284,0.83,1.25,2.02,4.19
116,A343,Heavy,13:17:00,47820,13:17:00,47820,1.63,2.39,3.94,8.42
117,B77W,Heavy,13:19:00,47940,13:19:00,47940,2.97,4.37,7.09,14.74
118,XXXX,Light,13:19:00,47940,13:19:00,47940,0.12,0.19,0.33,0.75
119,XXXX,Light,13:20:00,48000,13:20:00,48000,0.12,0.19,0.33,0.75
120,XXXX,Light,13:20:00,48000,13:20:00,48000,0.12,0.19,0.33,0.75
121,CRJX,Medium,13:20:00,48000,13:18:21,47901,0.35,0.51,0.85,1.84
122,A318,Medium,13:20:00,48000,13:11:20,47480,0.74,1.09,1.78,3.73
123,A332,Heavy,13:20:00,48000,13:32:25,48745,1.57,2.28,3.79,8.13
124,A320,Medium,13:20:00,48000,13:34:15,48855,0.83,1.25,2.02,4.19
125,B744,Heavy,13:24:00,48240,13:24:00,48240,2.37,3.42,5.58,11.79
126,A320,Medium,13:25:00,48300,13:42:51,49371,0.83,1.25,2.02,4.19
127,B738,Medium,13:25:00,48300,13:25:36,48336,0.83,1.28,2.1,4.38
128,A319,Medium,13:25:00,48300,13:08:52,47332,0.73,1.12,1.8,3.68
129,B772,Heavy,13:26:00,48360,13:26:00,48360,1.83,2.68,4.41,9.35
130,A343,Heavy,13:28:00,48480,13:28:00,48480,1.63,2.39,3.94,8.42
131,CRJX,Medium,13:30:00,48600,13:13:14,47594,0.35,0.51,0.85,1.84
132,A318,Medium,13:30:00,48600,13:18:32,47912,0.74,1.09,1.78,3.73
133,B772,Heavy,13:32:00,48720,13:32:00,48720,1.83,2.68,4.41,9.35
134,B772,Heavy,13:33:00,48780,13:33:00,48780,1.83,2.68,4.41,9.35
135,A343,Heavy,13:34:00,48840,13:34:00,48840,1.63,2.39,3.94,8.42
136,A320,Medium,13:35:00,48900,13:32:49,48769,0.83,1.25,2.02,4.19
137,A333,Heavy,13:35:00,48900,13:35:00,48900,1.57,2.31,3.79,8.04
138,A318,Medium,13:35:00,48900,13:23:44,48224,0.74,1.09,1.78,3.73
139,B772,Heavy,13:35:00,48900,13:49:31,49771,1.83,2.68,4.41,9.35
140,A332,Heavy,13:40:00,49200,13:44:00,49440,1.57,2.28,3.79,8.13
141,B77W,Heavy,13:40:00,49200,13:40:00,49200,2.97,4.37,7.09,14.74
142,B738,Medium,13:40:00,49200,13:19:27,47967,0.83,1.28,2.1,4.38
143,A343,Heavy,13:42:00,49320,13:42:00,49320,1.63,2.39,3.94,8.42
144,A333,Heavy,13:42:00,49320,13:42:00,49320,1.57,2.31,3.79,8.04
145,A343,Heavy,13:43:00,49380,13:43:00,49380,1.63,2.39,3.94,8.42
146,A321,Medium,13:45:00,49500,13:50:24,49824,0.93,1.42,2.37,4.97
147,A320,Medium,13:45:00,49500,14:07:27,50847,0.83,1.25,2.02,4.19
148,A333,Heavy,13:46:00,49560,13:46:00,49560,1.57,2.31,3.79,8.04
149,XXXX,Light,13:50:00,49800,13:50:00,49800,0.12,0.19,0.33,0.75
150,A320,Medium,13:50:00,49800,14:04:12,50652,0.83,1.25,2.02,4.19
151,B772,Heavy,13:50:00,49800,13:50:00,49800,1.83,2.68,4.41,9.35
152,CRJ7,Medium,13:50:00,49800,13:36:40,49000,0.41,0.61,1.0,2.11
153,A333,Heavy,13:52:00,49920,13:52:00,49920,1.57,2.31,3.79,8.04
154,A333,Heavy,13:53:00,49980,13:53:00,49980,1.57,2.31,3.79,8.04
155,A343,Heavy,13:55:00,50100,13:55:00,50100,1.63,2.39,3.94,8.42
156,B77W,Heavy,13:55:00,50100,13:55:00,50100,2.97,4.37,7.09,14.74
157,A319,Medium,13:55:00,50100,14:14:47,51287,0.73,1.12,1.8,3.68
158,A321,Medium,13:55:00,50100,13:27:20,48440,0.93,1.42,2.37,4.97
159,XXXX,Light,13:57:00,50220,13:57:00,50220,0.12,0.19,0.33,0.75
160,A333,Heavy,13:58:00,50280,13:58:00,50280,1.57,2.31,3.79,8.04
161,A319,Medium,14:00:00,50400,13:54:07,50047,0.73,1.12,1.8,3.68
162,A321,Medium,14:00:00,50400,14:16:30,51390,0.93,1.42,2.37,4.97
163,XXXX,Light,14:01:00,50460,14:01:00,50460,0.12,0.19,0.33,0.75
164,A333,Heavy,14:03:00,50580,14:03:00,50580,1.57,2.31,3.79,8.04
165,A343,Heavy,14:05:00,50700,14:05:00,50700,1.63,2.39,3.94,8.42
166,B77W,Heavy,14:05:00,50700,14:05:00,50700,2.97,4.37,7.09,14.74
167,B77W,Heavy,14:09:00,50940,14:09:00,50940,2.97,4.37,7.09,14.74
168,B738,Medium,14:10:00,51000,14:08:31,50911,0.83,1.28,2.1,4.38
169,A320,Medium,14:10:00,51000,14:10:18,51018,0.83,1.25,2.02,4.19
170,XXXX,Light,14:11:00,51060,14:11:00,51060,0.12,0.19,0.33,0.75
171,A343,Heavy,14:12:00,51120,14:12:00,51120,1.63,2.39,3.94,8.42
172,XXXX,Light,14:15:00,51300,14:15:00,51300,0.12,0.19,0.33,0.75
173,B772,Heavy,14:15:00,51300,14:15:00,51300,1.83,2.68,4.41,9.35
174,B744,Heavy,14:18:00,51480,14:18:00,51480,2.37,3.42,5.58,11.79
175,A333,Heavy,14:21:00,51660,14:21:00,51660,1.57,2.31,3.79,8.04
176,A333,Heavy,14:22:00,51720,14:22:00,51720,1.57,2.31,3.79,8.04
177,B77W,Heavy,14:23:00,51780,14:23:00,51780,2.97,4.37,7.09,14.74
178,A320,Medium,14:25:00,51900,14:03:27,50607,0.83,1.25,2.02,4.19
179,A320,Medium,14:25:00,51900,14:48:26,53306,0.83,1.25,2.02,4.19
180,A333,Heavy,14:26:00,51960,14:26:00,51960,1.57,2.31,3.79,8.04
181,B772,Heavy,14:27:00,52020,14:27:00,52020,1.83,2.68,4.41,9.35
182,B772,Heavy,14:28:00,52080,14:28:00,52080,1.83,2.68,4.41,9.35
183,XXXX,Light,14:31:00,52260,14:31:00,52260,0.12,0.19,0.33,0.75
184,XXXX,Light,14:32:00,52320,14:32:00,52320,0.12,0.19,0.33,0.75
185,B738,Medium,14:35:00,52500,14:01:53,50513,0.83,1.28,2.1,4.38
186,A320,Medium,14:35:00,52500,14:15:09,51309,0.83,1.25,2.02,4.19
187,B744,Heavy,14:37:00,52620,14:37:00,52620,2.37,3.42,5.58,11.79
188,B744,Heavy,14:38:00,52680,14:38:00,52680,2.37,3.42,5.58,11.79
189,B744,Heavy,14:38:00,52680,14:38:00,52680,2.37,3.42,5.58,11.79
190,B77W,Heavy,14:39:00,52740,14:39:00,52740,2.97,4.37,7.09,14.74
191,B738,Medium,14:40:00,52800,14:18:03,51483,0.83,1.28,2.1,4.38
192,A320,Medium,14:40:00,52800,14:38:07,52687,0.83,1.25,2.02,4.19
193,A343,Heavy,14:42:00,52920,14:42:00,52920,1.63,2.39,3.94,8.42
194,A333,Heavy,14:43:00,52980,14:43:00,52980,1.57,2.31,3.79,8.04
195,XXXX,Light,14:45:00,53100,14:45:00,53100,0.12,0.19,0.33,0.75
196,A320,Medium,14:45:00,53100,14:55:11,53711,0.83,1.25,2.02,4.19
197,B738,Medium,14:45:00,53100,14:31:50,52310,0.83,1.28,2.1,4.38
198,B772,Heavy,14:47:00,53220,14:47:00,53220,1.83,2.68,4.41,9.35
199,XXXX,Light,14:54:00,53640,14:54:00,53640,0.12,0.19,0.33,0.75
200,XXXX,Light,14:55:00,53700,14:55:00,53700,0.12,0.19,0.33,0.75
201,A320,Medium,14:55:00,53700,15:10:41,54641,0.83,1.25,2.02,4.19
202,XXXX,Light,14:58:00,53880,14:58:00,53880,0.12,0.19,0.33,0.75
203,A343,Heavy,14:59:00,53940,14:59:00,53940,1.63,2.39,3.94,8.42
204,XXXX,Light,14:59:00,53940,14:59:00,53940,0.12,0.19,0.33,0.75
1,B738,Medium,15:00:00,54000,15:36:18,56178,0.83,1.28,2.1,4.38
2,B744,Heavy,15:03:00,54180,15:03:00,54180,2.37,3.42,5.58,11.79
3,A320,Medium,15:05:00,54300,14:47:59,53279,0.83,1.25,2.02,4.19
4,A320,Medium,15:05:00,54300,14:55:40,53740,0.83,1.25,2.02,4.19
5,B744,Heavy,15:05:00,54300,15:05:00,54300,2.37,3.42,5.58,11.79
6,A343,Heavy,15:07:00,54420,15:07:00,54420,1.63,2.39,3.94,8.42
7,B772,Heavy,15:09:00,54540,15:09:00,54540,1.83,2.68,4.41,9.35
8,A321,Medium,15:10:00,54600,15:21:12,55272,0.93,1.42,2.37,4.97
9,B738,Medium,15:10:00,54600,15:23:07,55387,0.83,1.28,2.1,4.38
10,B772,Heavy,15:12:00,54720,15:12:00,54720,1.83,2.68,4.41,9.35
11,XXXX,Light,15:13:00,54780,15:13:00,54780,0.12,0.19,0.33,0.75
12,A320,Medium,15:15:00,54900,15:01:40,54100,0.83,1.25,2.02,4.19
13,XXXX,Light,15:15:00,54900,15:15:00,54900,0.12,0.19,0.33,0.75
14,B738,Medium,15:15:00,54900,14:51:36,53496,0.83,1.28,2.1,4.38
15,A333,Heavy,15:15:00,54900,15:15:00,54900,1.57,2.31,3.79,8.04
16,A343,Heavy,15:16:00,54960,15:16:00,54960,1.63,2.39,3.94,8.42
17,B772,Heavy,15:17:00,55020,15:17:00,55020,1.83,2.68,4.41,9.35
18,A319,Medium,15:20:00,55200,15:17:17,55037,0.73,1.12,1.8,3.68
19,B744,Heavy,15:20:00,55200,15:20:00,55200,2.37,3.42,5.58,11.79
20,A333,Heavy,15:20:00,55200,15:20:00,55200,1.57,2.31,3.79,8.04
21,B744,Heavy,15:20:00,55200,15:20:00,55200,2.37,3.42,5.58,11.79
22,B744,Heavy,15:21:00,55260,15:21:00,55260,2.37,3.42,5.58,11.79
23,B772,Heavy,15:22:00,55320,15:22:00,55320,1.83,2.68,4.41,9.35
24,XXXX,Light,15:23:00,55380,15:23:00,55380,0.12,0.19,0.33,0.75
25,A333,Heavy,15:23:00,55380,15:23:00,55380,1.57,2.31,3.79,8.04
26,B77W,Heavy,15:24:00,55440,15:24:00,55440,2.97,4.37,7.09,14.74
27,CRJX,Medium,15:25:00,55500,15:33:56,56036,0.35,0.51,0.85,1.84
28,XXXX,Light,15:29:00,55740,15:29:00,55740,0.12,0.19,0.33,0.75
29,A320,Medium,15:30:00,55800,15:30:51,55851,0.83,1.25,2.02,4.19
30,CRJX,Medium,15:30:00,55800,15:31:38,55898,0.35,0.51,0.85,1.84
31,A343,Heavy,15:31:00,55860,15:31:00,55860,1.63,2.39,3.94,8.42
32,XXXX,Light,15:32:00,55920,15:32:00,55920,0.12,0.19,0.33,0.75
33,A333,Heavy,15:33:00,55980,15:33:00,55980,1.57,2.31,3.79,8.04
34,A321,Medium,15:35:00,56100,16:19:26,58766,0.93,1.42,2.37,4.97
35,A343,Heavy,15:35:00,56100,15:35:00,56100,1.63,2.39,3.94,8.42
36,A320,Medium,15:35:00,56100,15:25:31,55531,0.83,1.25,2.02,4.19
37,XXXX,Light,15:38:00,56280,15:38:00,56280,0.12,0.19,0.33,0.75
38,A343,Heavy,15:39:00,56340,15:39:00,56340,1.63,2.39,3.94,8.42
39,XXXX,Light,15:40:00,56400,15:40:00,56400,0.12,0.19,0.33,0.75
40,XXXX,Light,15:40:00,56400,15:40:00,56400,0.12,0.19,0.33,0.75
41,B738,Medium,15:40:00,56400,15:24:21,55461,0.83,1.28,2.1,4.38
42,A318,Medium,15:40:00,56400,15:41:44,56504,0.74,1.09,1.78,3.73
43,B772,Heavy,15:41:00,56460,15:41:00,56460,1.83,2.68,4.41,9.35
44,A343,Heavy,15:44:00,56640,15:44:00,56640,1.63,2.39,3.94,8.42
45,B738,Medium,15:45:00,56700,15:42:35,56555,0.83,1.28,2.1,4.38
46,B77W,Heavy,15:45:00,56700,15:45:00,56700,2.97,4.37,7.09,14.74
47,A321,Medium,15:45:00,56700,15:44:46,56686,0.93,1.42,2.37,4.97
48,CRJX,Medium,15:50:00,57000,16:06:00,57960,0.35,0.51,0.85,1.84
49,XXXX,Light,15:51:00,57060,15:51:00,57060,0.12,0.19,0.33,0.75
50,B77W,Heavy,15:53:00,57180,15:53:00,57180,2.97,4.37,7.09,14.74
51,CRJX,Medium,15:55:00,57300,15:45:55,56755,0.35,0.51,0.85,1.84
52,A320,Medium,15:55:00,57300,16:08:18,58098,0.83,1.25,2.02,4.19
53,A319,Medium,15:55:00,57300,15:54:35,57275,0.73,1.12,1.8,3.68
54,A333,Heavy,15:56:00,57360,15:56:00,57360,1.57,2.31,3.79,8.04
55,A343,Heavy,15:59:00,57540,15:59:00,57540,1.63,2.39,3.94,8.42
56,B744,Heavy,15:59:00,57540,15:59:00,57540,2.37,3.42,5.58,11.79
57,B738,Medium,16:00:00,57600,15:49:42,56982,0.83,1.28,2.1,4.38
58,B77W,Heavy,16:01:00,57660,16:01:00,57660,2.97,4.37,7.09,14.74
59,B772,Heavy,16:02:00,57720,16:02:00,57720,1.83,2.68,4.41,9.35
60,A320,Medium,16:05:00,57900,16:09:22,58162,0.83,1.25,2.02,4.19
61,B772,Heavy,16:05:00,57900,16:05:00,57900,1.83,2.68,4.41,9.35
62,A320,Medium,16:05:00,57900,16:03:53,57833,0.83,1.25,2.02,4.19
63,A321,Medium,16:05:00,57900,16:15:58,58558,0.93,1.42,2.37,4.97
64,A343,Heavy,16:06:00,57960,16:06:00,57960,1.63,2.39,3.94,8.42
65,A343,Heavy,16:06:00,57960,16:06:00,57960,1.63,2.39,3.94,8.42
66,B744,Heavy,16:09:00,58140,16:09:00,58140,2.37,3.42,5.58,11.79
67,A319,Medium,16:10:00,58200,16:17:39,58659,0.73,1.12,1.8,3.68
68,B77W,Heavy,16:12:00,58320,16:12:00,58320,2.97,4.37,7.09,14.74
69,A343,Heavy,16:12:00,58320,16:12:00,58320,1.63,2.39,3.94,8.42
70,B738,Medium,16:15:00,58500,16:09:54,58194,0.83,1.28,2.1,4.38
71,B77W,Heavy,16:15:00,58500,16:13:03,58383,2.97,4.37,7.09,14.74
72,B772,Heavy,16:15:00,58500,16:15:00,58500,1.83,2.68,4.41,9.35
73,XXXX,Light,16:17:00,58620,16:17:00,58620,0.12,0.19,0.33,0.75
74,A333,Heavy,16:17:00,58620,16:17:00,58620,1.57,2.31,3.79,8.04
75,CRJ7,Medium,16:20:00,58800,16:12:08,58328,0.41,0.61,1.0,2.11
76,A320,Medium,16:20:00,58800,17:03:04,61384,0.83,1.25,2.02,4.19
77,A343,Heavy,16:21:00,58860,16:21:00,58860,1.63,2.39,3.94,8.42
78,A320,Medium,16:25:00,59100,16:18:35,58715,0.83,1.25,2.02,4.19
79,B738,Medium,16:25:00,59100,16:29:29,59369,0.83,1.28,2.1,4.38
80,B772,Heavy,16:28:00,59280,16:28:00,59280,1.83,2.68,4.41,9.35
81,A319,Medium,16:30:00,59400,16:32:29,59549,0.73,1.12,1.8,3.68
82,A320,Medium,16:30:00,59400,16:21:42,58902,0.83,1.25,2.02,4.19
83,XXXX,Light,16:30:00,59400,16:30:00,59400,0.12,0.19,0.33,0.75
84,A343,Heavy,16:31:00,59460,16:31:00,59460,1.63,2.39,3.94,8.42
85,A319,Medium,16:35:00,59700,16:24:19,59059,0.73,1.12,1.8,3.68
86,E170,Medium,16:35:00,59700,16:30:36,59436,0.46,0.67,1.1,2.31
87,A333,Heavy,16:36:00,59760,16:36:00,59760,1.57,2.31,3.79,8.04
88,A318,Medium,16:40:00,60000,16:33:09,59589,0.74,1.09,1.78,3.73
89,B77W,Heavy,16:40:00,60000,16:40:00,60000,2.97,4.37,7.09,14.74
90,A321,Medium,16:40:00,60000,16:35:54,59754,0.93,1.42,2.37,4.97
91,B77W,Heavy,16:42:00,60120,16:42:00,60120,2.97,4.37,7.09,14.74
92,XXXX,Light,16:42:00,60120,16:42:00,60120,0.12,0.19,0.33,0.75
93,B772,Heavy,16:43:00,60180,16:43:00,60180,1.83,2.68,4.41,9.35
94,A320,Medium,16:45:00,60300,16:49:31,60571,0.83,1.25,2.02,4.19
95,B738,Medium,16:45:00,60300,17:00:29,61229,0.83,1.28,2.1,4.38
96,A333,Heavy,16:46:00,60360,16:46:00,60360,1.57,2.31,3.79,8.04
97,A343,Heavy,16:54:00,60840,16:54:00,60840,1.63,2.39,3.94,8.42
98,A320,Medium,16:55:00,60900,17:17:12,62232,0.83,1.25,2.02,4.19
99,B772,Heavy,16:56:00,60960,16:56:00,60960,1.83,2.68,4.41,9.35
100,XXXX,Light,16:59:00,61140,16:59:00,61140,0.12,0.19,0.33,0.75
101,B772,Heavy,16:59:00,61140,16:59:00,61140,1.83,2.68,4.41,9.35
102,A321,Medium,17:00:00,61200,17:02:36,61356,0.93,1.42,2.37,4.97
103,A320,Medium,17:00:00,61200,16:51:43,60703,0.83,1.25,2.02,4.19
104,XXXX,Light,17:01:00,61260,17:01:00,61260,0.12,0.19,0.33,0.75
105,CRJX,Medium,17:05:00,61500,16:55:59,60959,0.35,0.51,0.85,1.84
106,A320,Medium,17:05:00,61500,17:02:48,61368,0.83,1.25,2.02,4.19
107,B738,Medium,17:05:00,61500,17:26:37,62797,0.83,1.28,2.1,4.38
108,A343,Heavy,17:06:00,61560,17:06:00,61560,1.63,2.39,3.94,8.42
109,A333,Heavy,17:09:00,61740,17:09:00,61740,1.57,2.31,3.79,8.04
110,XXXX,Light,17:09:00,61740,17:09:00,61740,0.12,0.19,0.33,0.75
111,E145,Medium,17:10:00,61800,16:53:20,60800,0.3,0.45,0.73,1.55
112,A333,Heavy,17:10:00,61800,17:10:00,61800,1.57,2.31,3.79,8.04
113,A319,Medium,17:10:00,61800,17:11:04,61864,0.73,1.12,1.8,3.68
114,B738,Medium,17:10:00,61800,17:15:14,62114,0.83,1.28,2.1,4.38
115,B77W,Heavy,17:11:00,61860,17:11:00,61860,2.97,4.37,7.09,14.74
116,XXXX,Light,17:13:00,61980,17:13:00,61980,0.12,0.19,0.33,0.75
117,B77W,Heavy,17:13:00,61980,17:13:00,61980,2.97,4.37,7.09,14.74
118,XXXX,Light,17:15:00,62100,17:15:00,62100,0.12,0.19,0.33,0.75
119,A320,Medium,17:15:00,62100,17:12:37,61957,0.83,1.25,2.02,4.19
120,B738,Medium,17:15:00,62100,17:16:40,62200,0.83,1.28,2.1,4.38
121,A320,Medium,17:15:00,62100,17:07:55,61675,0.83,1.25,2.02,4.19
122,A320,Medium,17:20:00,62400,17:04:59,61499,0.83,1.25,2.02,4.19
123,XXXX,Light,17:20:00,62400,17:20:00,62400,0.12,0.19,0.33,0.75
124,B772,Heavy,17:21:00,62460,17:21:00,62460,1.83,2.68,4.41,9.35
125,XXXX,Light,17:22:00,62520,17:22:00,62520,0.12,0.19,0.33,0.75
126,AT45,Medium,17:25:00,62700,17:10:05,61805,0.26,0.38,0.61,1.27
127,A321,Medium,17:25:00,62700,17:13:08,61988,0.93,1.42,2.37,4.97
128,B772,Heavy,17:28:00,62880,17:28:00,62880,1.83,2.68,4.41,9.35
129,XXXX,Light,17:29:00,62940,17:29:00,62940,0.12,0.19,0.33,0.75
130,XXXX,Light,17:29:00,62940,17:29:00,62940,0.12,0.19,0.33,0.75
131,A343,Heavy,17:30:00,63000,17:30:00,63000,1.63,2.39,3.94,8.42
132,A320,Medium,17:30:00,63000,17:49:09,64149,0.83,1.25,2.02,4.19
133,E145,Medium,17:30:00,63000,17:29:32,62972,0.3,0.45,0.73,1.55
134,XXXX,Light,17:31:00,63060,17:31:00,63060,0.12,0.19,0.33,0.75
135,XXXX,Light,17:31:00,63060,17:31:00,63060,0.12,0.19,0.33,0.75
136,E145,Medium,17:35:00,63300,17:39:11,63551,0.3,0.45,0.73,1.55
137,CRJ7,Medium,17:35:00,63300,17:14:40,62080,0.41,0.61,1.0,2.11
138,A320,Medium,17:35:00,63300,18:07:45,65265,0.83,1.25,2.02,4.19
139,XXXX,Light,17:35:00,63300,17:35:00,63300,0.12,0.19,0.33,0.75
140,XXXX,Light,17:36:00,63360,17:36:00,63360,0.12,0.19,0.33,0.75
141,B772,Heavy,17:38:00,63480,17:38:00,63480,1.83,2.68,4.41,9.35
142,XXXX,Light,17:38:00,63480,17:38:00,63480,0.12,0.19,0.33,0.75
143,A343,Heavy,17:40:00,63600,17:40:00,63600,1.63,2.39,3.94,8.42
144,B738,Medium,17:40:00,63600,17:47:04,64024,0.83,1.28,2.1,4.38
145,A333,Heavy,17:40:00,63600,18:05:35,65135,1.57,2.31,3.79,8.04
146,CRJX,Medium,17:40:00,63600,17:23:51,62631,0.35,0.51,0.85,1.84
147,XXXX,Light,17:43:00,63780,17:43:00,63780,0.12,0.19,0.33,0.75
148,E145,Medium,17:45:00,63900,17:25:58,62758,0.3,0.45,0.73,1.55
149,B77W,Heavy,17:46:00,63960,17:46:00,63960,2.97,4.37,7.09,14.74
150,A333,Heavy,17:46:00,63960,17:46:00,63960,1.57,2.31,3.79,8.04
151,XXXX,Light,17:50:00,64200,17:50:00,64200,0.12,0.19,0.33,0.75
152,CRJX,Medium,17:50:00,64200,18:11:15,65475,0.35,0.51,0.85,1.84
153,B772,Heavy,17:51:00,64260,17:51:00,64260,1.83,2.68,4.41,9.35
154,B772,Heavy,17:53:00,64380,17:53:00,64380,1.83,2.68,4.41,9.35
155,B772,Heavy,17:54:00,64440,17:54:00,64440,1.83,2.68,4.41,9.35
156,B738,Medium,17:55:00,64500,17:49:52,64192,0.83,1.28,2.1,4.38
157,A318,Medium,17:55:00,64500,17:30:37,63037,0.74,1.09,1.78,3.73
158,CRJX,Medium,17:55:00,64500,18:12:58,65578,0.35,0.51,0.85,1.84
159,B744,Heavy,17:59:00,64740,17:59:00,64740,2.37,3.42,5.58,11.79
160,A319,Medium,18:00:00,64800,17:43:30,63810,0.73,1.12,1.8,3.68
161,XXXX,Light,18:03:00,64980,18:03:00,64980,0.12,0.19,0.33,0.75
162,A343,Heavy,18:03:00,64980,18:03:00,64980,1.63,2.39,3.94,8.42
163,XXXX,Light,18:04:00,65040,18:04:00,65040,0.12,0.19,0.33,0.75
164,CRJX,Medium,18:05:00,65100,18:23:08,66188,0.35,0.51,0.85,1.84
165,A343,Heavy,18:05:00,65100,18:05:00,65100,1.63,2.39,3.94,8.42
166,XXXX,Light,18:05:00,65100,18:05:00,65100,0.12,0.19,0.33,0.75
167,XXXX,Light,18:10:00,65400,18:10:00,65400,0.12,0.19,0.33,0.75
168,XXXX,Light,18:11:00,65460,18:11:00,65460,0.12,0.19,0.33,0.75
169,B738,Medium,18:15:00,65700,17:51:02,64262,0.83,1.28,2.1,4.38
170,B77W,Heavy,18:15:00,65700,18:32:22,66742,2.97,4.37,7.09,14.74
171,B733,Medium,18:15:00,65700,18:36:39,66999,0.7,1.07,1.72,3.51
172,B744,Heavy,18:15:00,65700,18:15:00,65700,2.37,3.42,5.58,11.79
173,XXXX,Light,18:16:00,65760,18:16:00,65760,0.12,0.19,0.33,0.75
174,A320,Medium,18:20:00,66000,18:46:42,67602,0.83,1.25,2.02,4.19
175,CRJ7,Medium,18:20:00,66000,18:10:13,65413,0.41,0.61,1.0,2.11
176,B744,Heavy,18:22:00,66120,18:22:00,66120,2.37,3.42,5.58,11.79
177,A320,Medium,18:25:00,66300,18:06:27,65187,0.83,1.25,2.02,4.19
178,B772,Heavy,18:25:00,66300,18:25:00,66300,1.83,2.68,4.41,9.35
179,A333,Heavy,18:26:00,66360,18:26:00,66360,1.57,2.31,3.79,8.04
180,XXXX,Light,18:26:00,66360,18:26:00,66360,0.12,0.19,0.33,0.75
181,A320,Medium,18:30:00,66600,18:47:13,67633,0.83,1.25,2.02,4.19
182,A320,Medium,18:30:00,66600,18:32:26,66746,0.83,1.25,2.02,4.19
183,A333,Heavy,18:32:00,66720,18:32:00,66720,1.57,2.31,3.79,8.04
184,XXXX,Light,18:33:00,66780,18:33:00,66780,0.12,0.19,0.33,0.75
185,A320,Medium,18:35:00,66900,18:56:20,68180,0.83,1.25,2.02,4.19
186,B738,Medium,18:35:00,66900,18:29:12,66552,0.83,1.28,2.1,4.38
187,XXXX,Light,18:35:00,66900,18:35:00,66900,0.12,0.19,0.33,0.75
188,A320,Medium,18:35:00,66900,18:30:37,66637,0.83,1.25,2.02,4.19
189,A318,Medium,18:40:00,67200,18:28:38,66518,0.74,1.09,1.78,3.73
190,XXXX,Light,18:40:00,67200,18:40:00,67200,0.12,0.19,0.33,0.75
191,A332,Heavy,18:40:00,67200,18:35:20,66920,1.57,2.28,3.79,8.13
192,B772,Heavy,18:46:00,67560,18:46:00,67560,1.83,2.68,4.41,9.35
193,XXXX,Light,18:47:00,67620,18:47:00,67620,0.12,0.19,0.33,0.75
194,XXXX,Light,18:49:00,67740,18:49:00,67740,0.12,0.19,0.33,0.75
195,B744,Heavy,18:49:00,67740,18:49:00,67740,2.37,3.42,5.58,11.79
196,A343,Heavy,18:50:00,67800,18:50:00,67800,1.63,2.39,3.94,8.42
197,E190,Medium,18:50:00,67800,18:58:13,68293,0.6,0.85,1.32,2.62
198,XXXX,Light,18:52:00,67920,18:52:00,67920,0.12,0.19,0.33,0.75
199,A333,Heavy,18:53:00,67980,18:53:00,67980,1.57,2.31,3.79,8.04
200,A333,Heavy,18:53:00,67980,18:53:00,67980,1.57,2.31,3.79,8.04
201,B744,Heavy,18:55:00,68100,18:55:00,68100,2.37,3.42,5.58,11.79
1,A320,Medium,19:05:00,68700,19:01:30,68490,0.83,1.25,2.02,4.19
2,B737,Medium,19:05:00,68700,18:43:33,67413,0.89,1.31,2.13,4.44
3,A320,Medium,19:10:00,69000,19:02:38,68558,0.83,1.25,2.02,4.19
4,A319,Medium,19:10:00,69000,19:21:27,69687,0.73,1.12,1.8,3.68
5,B738,Medium,19:15:00,69300,19:06:25,68785,0.83,1.28,2.1,4.38
6,A320,Medium,19:15:00,69300,19:05:27,68727,0.83,1.25,2.02,4.19
7,B77W,Heavy,19:16:00,69360,19:16:00,69360,2.97,4.37,7.09,14.74
8,A320,Medium,19:20:00,69600,19:15:38,69338,0.83,1.25,2.02,4.19
9,B738,Medium,19:20:00,69600,18:55:29,68129,0.83,1.28,2.1,4.38
10,AT45,Medium,19:25:00,69900,19:31:58,70318,0.26,0.38,0.61,1.27
11,A318,Medium,19:25:00,69900,19:30:50,70250,0.74,1.09,1.78,3.73
12,A343,Heavy,19:28:00,70080,19:28:00,70080,1.63,2.39,3.94,8.42
13,B77W,Heavy,19:29:00,70140,19:29:00,70140,2.97,4.37,7.09,14.74
14,E145,Medium,19:30:00,70200,20:04:49,72289,0.3,0.45,0.73,1.55
15,XXXX,Light,19:32:00,70320,19:32:00,70320,0.12,0.19,0.33,0.75
16,XXXX,Light,19:34:00,70440,19:34:00,70440,0.12,0.19,0.33,0.75
17,A319,Medium,19:35:00,70500,19:26:09,69969,0.73,1.12,1.8,3.68
18,XXXX,Light,19:38:00,70680,19:38:00,70680,0.12,0.19,0.33,0.75
19,B77W,Heavy,19:39:00,70740,19:39:00,70740,2.97,4.37,7.09,14.74
20,A333,Heavy,19:39:00,70740,19:39:00,70740,1.57,2.31,3.79,8.04
21,A320,Medium,19:40:00,70800,19:21:13,69673,0.83,1.25,2.02,4.19
22,B744,Heavy,19:41:00,70860,19:41:00,70860,2.37,3.42,5.58,11.79
23,B744,Heavy,19:43:00,70980,19:43:00,70980,2.37,3.42,5.58,11.79
24,XXXX,Light,19:44:00,71040,19:44:00,71040,0.12,0.19,0.33,0.75
25,E145,Medium,19:45:00,71100,19:27:44,70064,0.3,0.45,0.73,1.55
26,E170,Medium,19:45:00,71100,19:55:46,71746,0.46,0.67,1.1,2.31
27,XXXX,Light,19:45:00,71100,19:45:00,71100,0.12,0.19,0.33,0.75
28,A333,Heavy,19:47:00,71220,19:47:00,71220,1.57,2.31,3.79,8.04
29,CRJX,Medium,19:50:00,71400,19:47:34,71254,0.35,0.51,0.85,1.84
30,B77W,Heavy,19:50:00,71400,19:50:00,71400,2.97,4.37,7.09,14.74
31,A321,Medium,19:50:00,71400,19:59:32,71972,0.93,1.42,2.37,4.97
32,XXXX,Light,19:50:00,71400,19:50:00,71400,0.12,0.19,0.33,0.75
33,XXXX,Light,19:52:00,71520,19:52:00,71520,0.12,0.19,0.33,0.75
34,A320,Medium,19:55:00,71700,19:41:40,70900,0.83,1.25,2.02,4.19
35,XXXX,Light,19:55:00,71700,19:55:00,71700,0.12,0.19,0.33,0.75
36,XXXX,Light,20:01:00,72060,20:01:00,72060,0.12,0.19,0.33,0.75
37,XXXX,Light,20:02:00,72120,20:02:00,72120,0.12,0.19,0.33,0.75
38,A320,Medium,20:05:00,72300,20:31:09,73869,0.83,1.25,2.02,4.19
39,CRJX,Medium,20:05:00,72300,20:06:22,72382,0.35,0.51,0.85,1.84
40,A343,Heavy,20:06:00,72360,20:06:00,72360,1.63,2.39,3.94,8.42
41,A333,Heavy,20:06:00,72360,20:06:00,72360,1.57,2.31,3.79,8.04
42,B744,Heavy,20:09:00,72540,20:09:00,72540,2.37,3.42,5.58,11.79
43,B738,Medium,20:10:00,72600,20:44:40,74680,0.83,1.28,2.1,4.38
44,A321,Medium,20:10:00,72600,20:23:33,73413,0.93,1.42,2.37,4.97
45,A320,Medium,20:10:00,72600,20:19:43,73183,0.83,1.25,2.02,4.19
46,B772,Heavy,20:13:00,72780,20:13:00,72780,1.83,2.68,4.41,9.35
47,A343,Heavy,20:15:00,72900,20:15:00,72900,1.63,2.39,3.94,8.42
48,B77W,Heavy,20:15:00,72900,20:15:00,72900,2.97,4.37,7.09,14.74
49,A321,Medium,20:15:00,72900,20:52:44,75164,0.93,1.42,2.37,4.97
50,B737,Medium,20:15:00,72900,20:00:56,72056,0.89,1.31,2.13,4.44
51,B77W,Heavy,20:16:00,72960,20:16:00,72960,2.97,4.37,7.09,14.74
52,A319,Medium,20:17:00,73020,20:03:01,72181,0.73,1.12,1.8,3.68
53,XXXX,Light,20:18:00,73080,20:18:00,73080,0.12,0.19,0.33,0.75
54,B744,Heavy,20:22:00,73320,20:22:00,73320,2.37,3.42,5.58,11.79
55,A320,Medium,20:25:00,73500,20:11:41,72701,0.83,1.25,2.02,4.19
56,XXXX,Light,20:26:00,73560,20:26:00,73560,0.12,0.19,0.33,0.75
57,XXXX,Light,20:28:00,73680,20:28:00,73680,0.12,0.19,0.33,0.75
58,XXXX,Light,20:28:00,73680,20:28:00,73680,0.12,0.19,0.33,0.75
59,B744,Heavy,20:29:00,73740,20:29:00,73740,2.37,3.42,5.58,11.79
60,B738,Medium,20:30:00,73800,20:14:53,72893,0.83,1.28,2.1,4.38
61,A320,Medium,20:30:00,73800,20:41:00,74460,0.83,1.25,2.02,4.19
62,XXXX,Light,20:34:00,74040,20:34:00,74040,0.12,0.19,0.33,0.75
63,A333,Heavy,20:35:00,74100,20:35:00,74100,1.57,2.31,3.79,8.04
64,CRJ7,Medium,20:35:00,74100,20:33:33,74013,0.41,0.61,1.0,2.11
65,B738,Medium,20:35:00,74100,20:42:17,74537,0.83,1.28,2.1,4.38
66,A321,Medium,20:35:00,74100,20:35:02,74102,0.93,1.42,2.37,4.97
67,XXXX,Light,20:38:00,74280,20:38:00,74280,0.12,0.19,0.33,0.75
68,A320,Medium,20:40:00,74400,20:59:23,75563,0.83,1.25,2.02,4.19
69,A333,Heavy,20:42:00,74520,20:42:00,74520,1.57,2.31,3.79,8.04
70,A343,Heavy,20:42:00,74520,20:42:00,74520,1.63,2.39,3.94,8.42
71,B744,Heavy,20:43:00,74580,20:43:00,74580,2.37,3.42,5.58,11.79
72,B738,Medium,20:45:00,74700,20:34:49,74089,0.83,1.28,2.1,4.38
73,B738,Medium,20:45:00,74700,20:39:49,74389,0.83,1.28,2.1,4.38
74,A318,Medium,20:45:00,74700,21:03:14,75794,0.74,1.09,1.78,3.73
75,A343,Heavy,20:46:00,74760,20:46:00,74760,1.63,2.39,3.94,8.42
76,B738,Medium,20:50:00,75000,20:34:14,74054,0.83,1.28,2.1,4.38
77,A320,Medium,20:50:00,75000,21:34:48,77688,0.83,1.25,2.02,4.19
78,A333,Heavy,20:51:00,75060,20:51:00,75060,1.57,2.31,3.79,8.04
79,B77W,Heavy,20:53:00,75180,20:53:00,75180,2.97,4.37,7.09,14.74
80,A320,Medium,20:55:00,75300,21:07:54,76074,0.83,1.25,2.02,4.19
81,A319,Medium,20:55:00,75300,21:01:12,75672,0.73,1.12,1.8,3.68
82,B738,Medium,21:05:00,75900,21:01:39,75699,0.83,1.28,2.1,4.38
83,B738,Medium,21:05:00,75900,21:16:48,76608,0.83,1.28,2.1,4.38
84,A319,Medium,21:05:00,75900,21:20:34,76834,0.73,1.12,1.8,3.68
85,A320,Medium,21:10:00,76200,21:40:23,78023,0.83,1.25,2.02,4.19
86,A319,Medium,21:10:00,76200,20:53:13,75193,0.73,1.12,1.8,3.68
87,XXXX,Light,21:12:00,76320,21:12:00,76320,0.12,0.19,0.33,0.75
88,A319,Medium,21:15:00,76500,21:31:56,77516,0.73,1.12,1.8,3.68
89,A343,Heavy,21:17:00,76620,21:17:00,76620,1.63,2.39,3.94,8.42
90,XXXX,Light,21:17:00,76620,21:17:00,76620,0.12,0.19,0.33,0.75
91,XXXX,Light,21:19:00,76740,21:19:00,76740,0.12,0.19,0.33,0.75
92,B77W,Heavy,21:20:00,76800,21:20:00,76800,2.97,4.37,7.09,14.74
93,A333,Heavy,21:22:00,76920,21:22:00,76920,1.57,2.31,3.79,8.04
94,CRJX,Medium,21:22:00,76920,21:24:59,77099,0.35,0.51,0.85,1.84
95,XXXX,Light,21:23:00,76980,21:23:00,76980,0.12,0.19,0.33,0.75
96,B772,Heavy,21:25:00,77100,21:25:00,77100,1.83,2.68,4.41,9.35
97,B738,Medium,21:25:00,77100,22:09:18,79758,0.83,1.28,2.1,4.38
98,A320,Medium,21:25:00,77100,22:05:45,79545,0.83,1.25,2.02,4.19
99,A343,Heavy,21:28:00,77280,21:28:00,77280,1.63,2.39,3.94,8.42
100,B744,Heavy,21:31:00,77460,21:31:00,77460,2.37,3.42,5.58,11.79
101,B77W,Heavy,21:32:00,77520,21:32:00,77520,2.97,4.37,7.09,14.74
102,XXXX,Light,21:34:00,77640,21:34:00,77640,0.12,0.19,0.33,0.75
103,B738,Medium,21:35:00,77700,21:39:45,77985,0.83,1.28,2.1,4.38
104,A343,Heavy,21:35:00,77700,21:35:00,77700,1.63,2.39,3.94,8.42
105,B744,Heavy,21:36:00,77760,21:36:00,77760,2.37,3.42,5.58,11.79
106,B744,Heavy,21:38:00,77880,21:38:00,77880,2.37,3.42,5.58,11.79
107,A333,Heavy,21:38:00,77880,21:38:00,77880,1.57,2.31,3.79,8.04
108,B77W,Heavy,21:39:00,77940,21:39:00,77940,2.97,4.37,7.09,14.74
109,A333,Heavy,21:39:00,77940,21:39:00,77940,1.57,2.31,3.79,8.04
110,A333,Heavy,21:39:00,77940,21:39:00,77940,1.57,2.31,3.79,8.04
111,A343,Heavy,21:41:00,78060,21:41:00,78060,1.63,2.39,3.94,8.42
112,A333,Heavy,21:42:00,78120,21:42:00,78120,1.57,2.31,3.79,8.04
113,B77W,Heavy,21:43:00,78180,21:43:00,78180,2.97,4.37,7.09,14.74
114,A343,Heavy,21:44:00,78240,21:44:00,78240,1.63,2.39,3.94,8.42
115,XXXX,Light,21:44:00,78240,21:44:00,78240,0.12,0.19,0.33,0.75
116,A321,Medium,21:45:00,78300,21:52:30,78750,0.93,1.42,2.37,4.97
117,XXXX,Light,21:45:00,78300,21:45:00,78300,0.12,0.19,0.33,0.75
118,XXXX,Light,21:46:00,78360,21:46:00,78360,0.12,0.19,0.33,0.75
119,B738,Medium,21:50:00,78600,21:42:45,78165,0.83,1.28,2.1,4.38
120,B77W,Heavy,21:50:00,78600,21:50:00,78600,2.97,4.37,7.09,14.74
121,CRJX,Medium,21:50:00,78600,22:12:46,79966,0.35,0.51,0.85,1.84
122,XXXX,Light,21:50:00,78600,21:50:00,78600,0.12,0.19,0.33,0.75
123,B772,Heavy,21:54:00,78840,21:54:00,78840,1.83,2.68,4.41,9.35
124,A333,Heavy,21:54:00,78840,21:54:00,78840,1.57,2.31,3.79,8.04
125,B738,Medium,21:55:00,78900,22:30:47,81047,0.83,1.28,2.1,4.38
126,B744,Heavy,21:57:00,79020,21:57:00,79020,2.37,3.42,5.58,11.79
127,B772,Heavy,22:01:00,79260,22:01:00,79260,1.83,2.68,4.41,9.35
128,B772,Heavy,22:03:00,79380,22:03:00,79380,1.83,2.68,4.41,9.35
129,A333,Heavy,22:05:00,79500,22:05:00,79500,1.57,2.31,3.79,8.04
130,B734,Medium,22:10:00,79800,22:40:09,81609,0.83,1.22,1.94,3.99
131,B738,Medium,22:10:00,79800,21:54:25,78865,0.83,1.28,2.1,4.38
132,B77W,Heavy,22:11:00,79860,22:11:00,79860,2.97,4.37,7.09,14.74
133,A343,Heavy,22:12:00,79920,22:12:00,79920,1.63,2.39,3.94,8.42
134,A333,Heavy,22:12:00,79920,22:12:00,79920,1.57,2.31,3.79,8.04
135,A333,Heavy,22:13:00,79980,22:13:00,79980,1.57,2.31,3.79,8.04
136,A333,Heavy,22:15:00,80100,22:15:00,80100,1.57,2.31,3.79,8.04
137,B738,Medium,22:20:00,80400,22:21:06,80466,0.83,1.28,2.1,4.38
138,A320,Medium,22:25:00,80700,22:39:28,81568,0.83,1.25,2.02,4.19
139,B738,Medium,22:25:00,80700,22:49:17,82157,0.83,1.28,2.1,4.38
140,B744,Heavy,22:26:00,80760,22:26:00,80760,2.37,3.42,5.58,11.79
141,XXXX,Light,22:26:00,80760,22:26:00,80760,0.12,0.19,0.33,0.75
142,A343,Heavy,22:29:00,80940,22:29:00,80940,1.63,2.39,3.94,8.42
143,A321,Medium,22:30:00,81000,22:36:29,81389,0.93,1.42,2.37,4.97
144,B772,Heavy,22:32:00,81120,22:32:00,81120,1.83,2.68,4.41,9.35
145,XXXX,Light,22:33:00,81180,22:33:00,81180,0.12,0.19,0.33,0.75
146,A343,Heavy,22:33:00,81180,22:33:00,81180,1.63,2.39,3.94,8.42
147,B772,Heavy,22:33:00,81180,22:33:00,81180,1.83,2.68,4.41,9.35
148,XXXX,Light,22:33:00,81180,22:33:00,81180,0.12,0.19,0.33,0.75
149,B738,Medium,22:35:00,81300,23:04:39,83079,0.83,1.28,2.1,4.38
150,B738,Medium,22:35:00,81300,22:29:35,80975,0.83,1.28,2.1,4.38
151,CRJ7,Medium,22:35:00,81300,22:42:10,81730,0.41,0.61,1.0,2.11
152,A343,Heavy,22:37:00,81420,22:37:00,81420,1.63,2.39,3.94,8.42
153,XXXX,Light,22:37:00,81420,22:37:00,81420,0.12,0.19,0.33,0.75
154,B738,Medium,22:40:00,81600,22:21:40,80500,0.83,1.28,2.1,4.38
155,XXXX,Light,22:42:00,81720,22:42:00,81720,0.12,0.19,0.33,0.75
156,B77W,Heavy,22:43:00,81780,22:43:00,81780,2.97,4.37,7.09,14.74
157,B744,Heavy,22:46:00,81960,22:46:00,81960,2.37,3.42,5.58,11.79
158,B77W,Heavy,22:48:00,82080,22:48:00,82080,2.97,4.37,7.09,14.74
159,B772,Heavy,22:49:00,82140,22:49:00,82140,1.83,2.68,4.41,9.35
160,B744,Heavy,22:50:00,82200,22:50:00,82200,2.37,3.42,5.58,11.79
161,B738,Medium,22:50:00,82200,23:15:04,83704,0.83,1.28,2.1,4.38
162,XXXX,Light,22:52:00,82320,22:52:00,82320,0.12,0.19,0.33,0.75
163,XXXX,Light,22:52:00,82320,22:52:00,82320,0.12,0.19,0.33,0.75
164,XXXX,Light,22:54:00,82440,22:54:00,82440,0.12,0.19,0.33,0.75
165,B744,Heavy,22:54:00,82440,22:54:00,82440,2.37,3.42,5.58,11.79
166,A319,Medium,22:55:00,82500,22:53:57,82437,0.73,1.12,1.8,3.68

